3232,had,h,df,sd,,,
,,d,,,,,
,,e,,,,,
,,,(null),(null),(null),(null),(null)
(null),(null),,(null),(null),(null),(null),(null)
(null),(null),,(null),(null),(null),(null),(null)
(null),(null),,(null),(null),(null),(null),(null)
(null),(null),,(null),(null),(null),(null),(null)
(null),(null),,(null),(null),(null),(null),(null)
(null),(null),,(null),(null),(null),(null),(null)
(null),(null),,(null),(null),(null),(null),(null)
(null),(null),,(null),(null),(null),(null),(null)
(null),(null),,(null),(null),(null),(null),(null)
(null),(null),,(null),(null),(null),(null),(null)
(null),(null),,(null),(null),(null),(null),(null)
(null),(null),,(null),(null),(null),(null),(null)
(null),(null),,(null),(null),(null),(null),(null)
(null),(null),,(null),(null),(null),(null),(null)
(null),(null),,(null),(null),(null),(null),(null)
(null),(null),,(null),(null),(null),(null),(null)
